{
    "at_a_glance": {
        "Core Thesis": "Intelligence extends beyond the brain",
        "Framework": "4E Cognition (Embodied, Embedded, Enacted, Extended)",
        "Applications": "Workspace design, education, leadership"
    },
    "toc": [
        {"title": "Executive Summary", "page": "3", "is_sub": false},
        {"title": "Central Thesis", "page": "3", "is_sub": false},
        {"title": "Theoretical Framework", "page": "3", "is_sub": false},
        {"title": "Embodied Cognition", "page": "3", "is_sub": true},
        {"title": "Environmental Cognition", "page": "4", "is_sub": true},
        {"title": "Practical Applications", "page": "4", "is_sub": false},
        {"title": "Limitations & Considerations", "page": "5", "is_sub": false},
        {"title": "Key Takeaways", "page": "5", "is_sub": false}
    ],
    "pages": [
        [
            {
                "type": "h2",
                "text": "Executive Summary",
                "icon": "☉",
                "color": "#CBA135"
            },
            {
                "type": "paragraph",
                "text": "This analysis synthesizes the core arguments of The Extended Mind, which challenges the brain-centric view of cognition. Paul argues that thinking extends beyond the skull, incorporating the body, physical spaces, and social relationships as integral components of human intelligence."
            },
            {
                "type": "divider"
            },
            {
                "type": "h3",
                "text": "Central Thesis",
                "color": "#582534"
            },
            {
                "type": "card",
                "text": "Intelligence is not confined to the brain. We think with our bodies (interoception, gesture), our environments (spatial cognition, nature exposure), and our relationships (distributed cognition). Optimizing these 'extra-neural' resources dramatically enhances cognitive performance.",
                "color": "#CBA135"
            },
            {
                "type": "h2",
                "text": "Theoretical Framework",
                "icon": "◈",
                "color": "#582534"
            },
            {
                "type": "h3",
                "text": "Embodied Cognition",
                "color": "#582534"
            },
            {
                "type": "paragraph",
                "text": "Drawing from 4E cognition theory (Embodied, Embedded, Enacted, Extended), Paul synthesizes research showing that physical sensations, gestures, and movements directly shape abstract thought. The body is not merely a vehicle for the brain but an active participant in reasoning."
            }
        ],
        [
            {
                "type": "h3",
                "text": "Environmental Cognition",
                "color": "#582534"
            },
            {
                "type": "paragraph",
                "text": "Our physical surroundings profoundly influence cognitive function. Natural environments restore attention, while carefully designed workspaces can enhance creativity and focus. Space is not merely a container for thought but an active participant in cognition."
            },
            {
                "type": "divider"
            },
            {
                "type": "h2",
                "text": "Practical Applications",
                "icon": "✦",
                "color": "#CBA135"
            },
            {
                "type": "bullet_list",
                "items": [
                    {
                        "label": "For Knowledge Workers",
                        "text": "Design physical workspaces that support the type of thinking required. Open spaces foster collaboration while enclosed spaces support deep focus. Movement and nature access boost creativity."
                    },
                    {
                        "label": "For Educators",
                        "text": "Incorporate movement and gesture into lessons to enhance student comprehension and retention. Physical manipulation of concepts creates deeper understanding than passive absorption."
                    },
                    {
                        "label": "For Leaders",
                        "text": "Leverage distributed cognition by building diverse teams and creating conditions for genuine intellectual exchange. The group mind exceeds the sum of individual contributions."
                    }
                ]
            }
        ],
        [
            {
                "type": "h2",
                "text": "Limitations & Considerations",
                "icon": "◇",
                "color": "#E76F51"
            },
            {
                "type": "card",
                "text": "While compelling, the extended mind thesis remains philosophically contested. Some critics argue it conflates cognitive 'scaffolding' with cognition itself. Practical applications may be constrained by workplace norms and accessibility factors.",
                "color": "#E76F51"
            },
            {
                "type": "divider"
            },
            {
                "type": "h2",
                "text": "Key Takeaways",
                "icon": "★",
                "color": "#CBA135"
            },
            {
                "type": "paragraph",
                "text": "The Extended Mind offers a transformative framework for understanding human cognition. By recognizing that our thinking is distributed across body, space, and social connections, we can design better environments, more effective learning experiences, and more humane workplaces."
            },
            {
                "type": "quote",
                "lines": [
                    "Where the weight of understanding",
                    "becomes the clarity to act."
                ],
                "attribution": "Insight Atlas"
            }
        ]
    ]
}
